1,Lauren Lafont,Prova D
2,Eberto Durban,Prova C
3,Sidonia Stockton,Prova B
4,Cyndia Overpool,Sem Prova
5,Winifield Nutbeam,Prova B
6,Pablo Byram,Prova D
7,Herold Mulvaney,Prova D
8,Boycie McMechan,Sem Prova
9,Dunn Clemenceau,Prova C
10,Avrit Hayto,Sem Prova
11,Willabella Keyho,Prova C
12,Juliane Konrad,Prova C
13,Luigi Deamer,Prova D
14,Meggy Berrecloth,Prova D
15,Bridget Bage,Sem Prova
16,Godfry Marjanovic,Prova C
17,Coretta North,Prova C
18,Bibbye Hutcheons,Prova D
19,Hildegarde Kick,Prova B
20,Wilburt Wrightam,Prova B
21,Spenser Oley,Prova D
22,Lance Catenot,Prova C
23,Ivy Bilt,Prova A
24,Alayne Hamshar,Prova A
25,Leonora Rangall,Prova D
26,Lindsay Levett,Prova D
27,Glynis Sills,Prova C
28,Modesty Santacrole,Prova A
29,Barn Speers,Prova C
30,Ealasaid Cristofolini,Prova B
31,Myrwyn MacKnocker,Prova D
32,Codee Lewnden,Prova C
33,Alvina Zmitrovich,Sem Prova
34,Norbert Pryell,Prova C
35,Kelila Henden,Prova D
36,Clive Babalola,Prova C
37,Kalle Ibbotson,Prova B
38,Wandis Sibbering,Prova A
39,Carlie MacCurley,Prova C
40,Roi Rickeard,Prova D
41,Costa Woodhead,Prova C
42,Hana O'Lenechan,Prova D
43,Carson Carse,Prova C
44,Ruth Bavidge,Prova D
45,Mohandis Bahl,Prova B
46,Carita Grinston,Prova D
47,Gisella Hixson,Prova D
48,Kelcie Olman,Prova B
49,Shanon Reubens,Sem Prova
50,Amalita Tumulty,Sem Prova
51,Shermy Scarsbrick,Prova C
52,Valentina Wadworth,Prova C
53,Elizabet Ricardot,Sem Prova
54,Isac Salazar,Sem Prova
55,Caril Raddon,Prova A
56,Tan Speedy,Prova C
57,Tootsie Nehlsen,Prova C
58,Karlik Duetschens,Sem Prova
59,Maurice Ostridge,Sem Prova
60,Billy Berisford,Prova A
61,Lebbie Riach,Prova D
62,Catlee Harmeston,Prova B
63,Rochell Balding,Prova A
64,Tracy Bosley,Prova B
65,Mikol Cheatle,Prova B
66,Hannis Ranahan,Prova D
67,Leisha Sergeant,Prova C
68,Tarrah Beament,Prova B
69,Simmonds Rozanski,Sem Prova
70,Genni Rosthorn,Prova A
71,Conrade Trimme,Prova A
72,Lee Waples,Prova D
73,Trudey MacDowal,Prova B
74,Zacherie Aindriu,Prova C
75,Vick Arnopp,Sem Prova
76,Eugenie Kibel,Prova B
77,Elie Gillbee,Prova C
78,Nari MacCaffrey,Sem Prova
79,Chelsie O'Conor,Prova D
80,Thekla Mogenot,Sem Prova
81,Darrell Forstall,Prova B
82,Celie Dodman,Prova D
83,Trixie Iglesias,Prova D
84,Tiff Cornill,Prova C
85,Camel Firminger,Sem Prova
86,Karly Dudlestone,Prova D
87,Andy Bizzey,Prova C
88,Dode Balston,Prova C
89,Rudie Huguet,Prova D
90,Lonni Leap,Prova C
91,Whitman Threlfall,Sem Prova
92,Darda Easeman,Prova A
93,Ilario Vatcher,Prova C
94,Cleavland Sehorsch,Prova A
95,Gerard Leonarde,Prova D
96,Tove Kissack,Sem Prova
97,Garrott Blakiston,Sem Prova
98,Avril Hulke,Sem Prova
99,Blinni Oulett,Prova B
100,Loraine Bear,Sem Prova
101,Rosa Stiller,Prova B
102,Tanya Wedderburn,Prova A
103,Bennett Moniker,Prova A
104,Dominik Snelle,Prova A
105,Crista Boothby,Sem Prova
106,Cullan Mawne,Sem Prova
107,Karolina McGuire,Prova C
108,Gloriane Tancock,Sem Prova
109,Finlay D'Emanuele,Prova C
110,Cloris Fewless,Prova A
111,Ancell Tweedlie,Prova D
112,Sutherland Curry,Prova A
113,Tabatha Jaques,Prova D
114,Ingamar Falconer-Taylor,Prova C
115,Derrick St. John,Prova A
116,Ann-marie Schlagh,Sem Prova
117,Dominik Vella,Sem Prova
118,Porter De Brett,Prova A
119,Mae Elvidge,Prova A
120,Vita Androsik,Sem Prova
121,Gabbi Esberger,Prova B
122,Valery Brisbane,Prova B
123,Gibbie Tapsell,Prova D
124,Anabel Zanicchi,Prova A
125,Danie Nolte,Prova D
126,Emlynn Viollet,Sem Prova
127,Nicolina Cunio,Prova A
128,Dido Concklin,Prova A
129,Napoleon Hinrichsen,Prova D
130,Jocelyne Hilbourne,Prova A
131,Eamon Barnwill,Prova D
132,Hale O'Criane,Sem Prova
133,Phillipp Squirrell,Prova C
134,Pet Cicccitti,Prova C
135,Glenn Sam,Prova C
136,Paula Ducarel,Prova A
137,Chicky Fogel,Sem Prova
138,Maxie Bilyard,Prova B
139,Alexi Morales,Prova A
140,Ximenes Luttger,Prova B
141,Jeremy Licence,Prova D
142,Sutherland Silberschatz,Sem Prova
143,Kay Craythorn,Prova C
144,Dale Warburton,Sem Prova
145,Pattie Frotton,Prova B
146,Eduino Holtaway,Prova B
147,Alaine Massingham,Prova B
148,Gay Chirm,Prova D
149,Brade Moxham,Prova C
150,Erasmus Garrigan,Prova B
151,Tammy Lathy,Sem Prova
152,Matthaeus Starking,Prova A
153,Christa Holbarrow,Prova D
154,Nathaniel Jakeway,Prova A
155,Gretal Salmoni,Prova C
156,Vernen Creamen,Prova C
157,Leeanne Boath,Prova B
158,Natalie Newbury,Sem Prova
159,Maryrose Pashley,Sem Prova
160,Stuart Dymond,Prova B
161,Jeannie Paulou,Prova D
162,Kimmi Lingley,Prova C
163,Esra McTiernan,Prova B
164,Valle Langland,Prova B
165,Annnora Jiroutek,Prova B
166,Reeta Flewin,Prova D
167,Michaela Gunda,Prova C
168,Gregory Bytheway,Prova C
169,Ricardo Sinclair,Sem Prova
170,Jephthah Crawshaw,Sem Prova
171,Jinny Baskerville,Sem Prova
172,Gaynor Camber,Prova C
173,Ezequiel Tombs,Prova A
174,Marijo Lambard,Prova B
175,Roland Culligan,Prova C
176,Meghan Pharaoh,Prova A
177,Cathi Falkner,Prova A
178,Melinda Habben,Sem Prova
179,Tedda Twelve,Prova A
180,Alana Killgus,Prova C
181,Valli Cheyney,Sem Prova
182,Fulton Sidebotham,Prova B
183,Georgiana Boyen,Prova D
184,Cristin Longman,Prova D
185,Milissent Dundon,Prova A
186,Bernie Tripp,Prova B
187,Karoly Bernette,Sem Prova
188,Brendis Kynforth,Prova D
189,Kathleen Sisnett,Prova D
190,Lian McKenney,Prova B
191,Ellsworth Giovanizio,Prova A
192,Mommy Demangeot,Prova A
193,Evaleen Ruttgers,Prova C
194,Sabra Nolli,Prova D
195,Al Juggings,Prova A
196,Arther Deval,Prova D
197,Starlin Culpen,Prova A
198,Penny MacTurlough,Prova C
199,Fleming Logue,Prova C
200,Glenine Urrey,Prova A
201,Florette Pritchitt,Prova C
202,Oates Reuven,Prova C
203,Clemens Gabbitas,Prova C
204,Alley Conachie,Prova B
205,Kaleb Gooke,Prova D
206,Danni Medwell,Prova B
207,Benedikta Witchalls,Sem Prova
208,Rowan Jolly,Sem Prova
209,Doyle Ricciardelli,Prova A
210,Courtenay Renvoys,Prova D
211,Ester Schmuhl,Sem Prova
212,Winston Garnett,Prova A
213,Cal Alesin,Prova A
214,Adrienne Vickar,Prova A
215,Sonnie Hallahan,Prova B
216,Laurens Rashleigh,Prova C
217,Elladine Tidball,Prova A
218,Brena Jerzycowski,Prova D
219,Christin Stollman,Sem Prova
220,Stern Kingston,Prova D
221,Elsey Sperski,Prova D
222,Tobie Brahams,Prova D
223,Jourdan Kaliszewski,Prova C
224,Ladonna Brandino,Prova A
225,Rosina Kedie,Prova C
226,Wildon Choffin,Sem Prova
227,Debora Gonnin,Sem Prova
228,Aubrie Cansdale,Prova D
229,Darrick Gossage,Prova D
230,Kerby Marczyk,Prova A
231,Donnie Reinbeck,Prova A
232,Micaela Snarie,Sem Prova
233,Hersch Goskar,Prova B
234,Ferd Tchir,Prova B
235,Chance Rewbottom,Prova C
236,Em Bulstrode,Prova A
237,Stephanie Sabbatier,Sem Prova
238,Elysia Greeves,Prova D
239,Elston Clewer,Sem Prova
240,Baird Decaze,Prova B
241,Deonne Gammill,Prova C
242,Jillayne Branthwaite,Prova D
243,Thomasina Arling,Sem Prova
244,Janina Rust,Sem Prova
245,Lara Bartomieu,Prova C
246,Torry Campelli,Prova C
247,Gustavo Sheere,Sem Prova
248,Dilly Spaduzza,Prova A
249,Christie Dawtrey,Prova C
250,Zacherie Regus,Prova C
251,Eddi Leedes,Prova C
252,Josias Joddens,Sem Prova
253,Vassily Gomm,Prova D
254,Thorin Nancekivell,Prova C
255,Cal Archley,Prova B
256,Sherill Sawood,Prova B
257,Martita Kench,Prova C
258,Zacharia Coaten,Prova D
259,Nydia Casier,Prova A
260,Boote Hariot,Prova C
261,Bryn Gosz,Sem Prova
262,Carita Ragg,Prova D
263,Elnar Judgkins,Sem Prova
264,Rosalyn Crumpton,Prova C
265,Karim Bittlestone,Prova D
266,Ottilie Audiss,Sem Prova
267,Oran Burdett,Prova D
268,Lian Troy,Prova A
269,Agnola Ivanaev,Prova A
270,Nil Assad,Sem Prova
271,Grantley Fleg,Prova D
272,Donal Yggo,Prova D
273,Marline Combes,Sem Prova
274,Tommi Bateman,Prova C
275,Clo Budd,Prova B
276,Jodi Ruslin,Prova A
277,Gifford Rudloff,Sem Prova
278,Sabra Dumbell,Prova D
279,Ronnie Tatchell,Prova D
280,Aguistin Fairebrother,Prova D
281,Zea Holsey,Sem Prova
282,Yolane Willarton,Sem Prova
283,Sherrie Cappleman,Prova A
284,Benjamen Taillard,Prova D
285,Nickie Darnbrook,Prova B
286,Simeon Golling,Prova B
287,Clay O'Kynsillaghe,Sem Prova
288,Evania Kayzer,Prova D
289,Eveleen Kenny,Prova D
290,York Terren,Prova A
291,Reilly Roskeilly,Prova B
292,Mable Dearan,Prova D
293,Sanders Dougharty,Prova A
294,Lyssa Hardeman,Prova C
295,Sherrie O'Shirine,Prova B
296,Bess Ortell,Prova C
297,Jaquelin Malenoir,Prova C
298,Emmy Pauletto,Prova D
299,Vivia Tarbatt,Prova C
300,Maybelle Lebang,Prova C
301,Charmian Riddel,Prova A
302,Edgardo McCarrell,Prova C
303,Tamiko Goodger,Prova C
304,Germain Thomas,Prova B
305,Fawnia Lantaph,Prova A
306,Tobe Crane,Prova D
307,Tandi Ferruzzi,Sem Prova
308,Rourke Brelsford,Sem Prova
309,Margy Emnoney,Sem Prova
310,Lilah Bloxsome,Prova A
311,Elenore Rathke,Sem Prova
312,Josephina Fishwick,Prova B
313,Vivie Lundon,Sem Prova
314,Reuben Sellen,Sem Prova
315,Ailsun De La Hay,Prova B
316,Ralina Lamba,Prova D
317,Erick Zamudio,Prova A
318,Abraham Edlington,Prova A
319,Sammy MacAdie,Prova B
320,Beniamino Cosgrave,Prova D
321,Evy O'Halleghane,Prova C
322,Brittany Crigin,Prova D
323,Jarret Sylvaine,Prova A
324,Lillis MacRierie,Prova C
325,Bone Chantree,Sem Prova
326,Leoline Gokes,Prova C
327,Elene Rabbitt,Prova C
328,Ludovika Brislan,Prova C
329,Morrie Armes,Prova A
330,Fara Janaud,Prova C
331,Nahum Cersey,Prova C
332,Matias Tilberry,Prova C
333,Elias Cogger,Prova A
334,Erskine Dionsetto,Prova D
335,Missie Greeding,Prova C
336,Pate McCritchie,Prova A
337,Freddi Cherry Holme,Prova B
338,Leoine Pitkins,Prova B
339,Garner McClelland,Sem Prova
340,Joni Hillyatt,Prova C
341,Clarke Birden,Prova B
342,Karia Bennedsen,Prova A
343,Arleyne Ellingworth,Prova A
344,Maxie Le Barr,Prova D
345,Renae Downer,Prova A
346,Grethel Shuttlewood,Prova D
347,Jinny Rounsivall,Prova A
348,Lena Pattesall,Prova B
349,Zak Duddy,Prova C
350,Alisa Kennewell,Prova D
351,Herta Hallowes,Prova D
352,Rakel Perllman,Prova C
353,Jabez Shilliday,Prova B
354,Nelle Huggan,Prova C
355,Francklyn Bravington,Prova A
356,Renault Quinane,Prova A
357,Ronni Ralton,Sem Prova
358,Gordan Purselow,Sem Prova
359,Billye Burdus,Prova C
360,Burr Wanjek,Prova A
361,Trula Evelyn,Prova D
362,Earle Trimmill,Prova C
363,Bjorn Dommersen,Prova A
364,Leisha Donnel,Prova A
365,Tully Cogzell,Sem Prova
366,Christi Ripon,Prova B
367,Jasper Lille,Prova A
368,Delinda Hutley,Prova A
369,Gates Rossin,Prova C
370,Reiko Fidian,Prova C
371,Joanna Heinl,Prova C
372,Natalya Monard,Prova C
373,Jennine Moisey,Prova D
374,Jasmin Foulkes,Prova D
375,Lin Hanstock,Prova B
376,Terry Jerger,Prova B
377,Iris Boffin,Prova B
378,Cort MacBarron,Prova A
379,Georgianna Goodbairn,Prova C
380,Bradney Pinfold,Prova D
381,Helga Pock,Sem Prova
382,Solomon Baszniak,Sem Prova
383,Sallyann Petruska,Prova B
384,Faina Ogglebie,Prova B
385,Morgen Panyer,Prova B
386,Joelly Ballsdon,Prova B
387,Isidor Dahlborg,Prova B
388,Barclay Pring,Sem Prova
389,Berny Trevascus,Prova A
390,Raymund Bambery,Sem Prova
391,Tova Tunny,Prova C
392,Pace Wolfendale,Prova D
393,Shanan Lea,Prova B
394,Joye Abade,Prova A
395,La verne Crews,Prova C
396,Arly McGinnell,Prova A
397,Tito Zamorano,Sem Prova
398,Kennedy Crohan,Prova D
399,Yehudit Toffalo,Prova D
400,Bathsheba Goldsby,Prova C
401,Willem Lantoph,Prova B
402,Cameron Brilon,Prova A
403,Fawne Dodson,Prova C
404,Rhodie Munkley,Prova C
405,Caesar Treher,Prova C
406,Tommie Trewman,Prova C
407,Hercule Cudde,Sem Prova
408,Iris Pothbury,Sem Prova
409,Laurel Bartolomeu,Prova A
410,Tommy Despenser,Prova C
411,Laurence Sexcey,Prova D
412,Cleopatra Thatcham,Prova A
413,Dilan Peasnone,Prova A
414,Thomasin Kennifeck,Prova C
415,Alfonso Chaters,Prova C
416,Charlena Aland,Prova D
417,Cale Seivwright,Sem Prova
418,Junie Maffei,Prova C
419,Darci Petzold,Prova D
420,Herc McMearty,Prova D
421,Rollin Bozier,Prova C
422,Janeczka Elbourne,Prova A
423,Windham Massingham,Prova C
424,Alameda Accomb,Prova C
425,Linn Stoite,Prova B
426,Nev Godsal,Prova C
427,Colin Fereday,Sem Prova
428,Kaiser Piell,Prova C
429,Shannah Gregg,Prova D
430,Merridie Duchant,Prova A
431,Alistair Scowcraft,Prova B
432,Lyssa Birtwell,Sem Prova
433,Neal Crawford,Prova B
434,Yuma Hazlegrove,Prova C
435,Delly Bartels-Ellis,Prova C
436,Xerxes Adkins,Prova D
437,Shirline Wafer,Prova C
438,Stace Kittredge,Prova A
439,Carmina O'Nolan,Prova C
440,Herminia Ennew,Prova D
441,Rhonda Avraam,Prova D
442,Grannie Callacher,Prova C
443,Padraig Stowell,Prova A
444,Ax O'Looney,Prova B
445,Elnore Till,Sem Prova
446,Rianon Trevethan,Prova C
447,Linc Digwood,Prova D
448,Dur Oatley,Prova B
449,Galvin West,Prova B
450,Neville Foffano,Prova C
451,Marcelle O'Cooney,Prova A
452,Kandy Leel,Prova A
453,Harwilll Fansy,Prova D
454,Emily Feighry,Prova D
455,Albrecht Ablott,Prova D
456,Alma Hucks,Prova B
457,Sherri Bruton,Prova A
458,Maryjo Franey,Prova B
459,Dmitri Heinecke,Sem Prova
460,Bondie Strickland,Prova C
461,Edan Mitchinson,Sem Prova
462,Margarita Totaro,Prova A
463,Gus Slyne,Prova D
464,Anthe Izaks,Sem Prova
465,Darill Oxbe,Prova B
466,Charmaine Wisker,Prova D
467,Alidia McLucas,Prova A
468,Doe Aylward,Prova D
469,Gilles Portlock,Sem Prova
470,Thorvald McRobbie,Prova D
471,Valina Fake,Prova C
472,Lindy Clohisey,Prova D
473,Falkner Reyna,Prova C
474,Carmine Swyn,Sem Prova
475,Jacynth Issac,Prova A
476,Kelila Sperry,Prova B
477,Hedvige Standall,Prova B
478,Gabie Daniels,Prova B
479,Danya Shackesby,Prova A
480,Francklyn Gerrelt,Prova D
481,Cissiee Hugo,Prova D
482,Craig Cagan,Prova D
483,Wolfy Piggin,Prova B
484,Stephi Gyenes,Prova B
485,Barris Scala,Prova A
486,Edlin Galvin,Prova B
487,Theresa Leheude,Prova B
488,Mattie MacCarrane,Prova C
489,Loria Simeonov,Prova A
490,Howey De Blasi,Prova C
491,Aeriel Grahl,Prova C
492,Vanni Ackhurst,Prova B
493,Jessie Tillett,Prova C
494,Kathi Grigoriscu,Prova D
495,Riley Durran,Sem Prova
496,Prisca Geindre,Prova C
497,Joyous Attrie,Prova D
498,Allyn Apted,Sem Prova
499,Cullin Nobriga,Prova A
500,Cristi Manuaud,Prova A
501,Guillaume Lyven,Sem Prova
502,Yurik Wallenger,Sem Prova
503,Mattie Streatfeild,Sem Prova
504,Diena Nowakowski,Prova D
505,Bobbye Haggart,Prova A
506,Desirae Cicconetti,Prova A
507,Teador Puckey,Prova B
508,Francis Hearst,Prova B
509,Humberto Stansbie,Prova C
510,Fredelia Elder,Prova D
511,Mallory Danser,Sem Prova
512,Herbie McCheyne,Prova C
513,Tamara Vigars,Prova A
514,Alysa Sabatini,Prova C
515,Cecilius Sprosson,Prova A
516,Nichol Christie,Prova B
517,Rosemaria Hasson,Prova B
518,Myrwyn Olyunin,Sem Prova
519,Thedric Littlejohns,Sem Prova
520,Kristofer Kincaid,Sem Prova
521,Skylar Antczak,Prova B
522,Mame Fortie,Sem Prova
523,Barbe Calendar,Prova B
524,Latrina Haggett,Prova C
525,Harp Congdon,Prova B
526,Max Pyrke,Prova A
527,Carlye Luno,Prova A
528,Rawley Wenban,Prova D
529,Clarissa Pettyfar,Prova B
530,Maureene Gwilt,Sem Prova
531,Grete Nobles,Prova C
532,Emmott Prew,Prova A
533,Mireille Leyfield,Prova D
534,Joice Stanyard,Prova B
535,Carline Duly,Prova C
536,Aldis Popworth,Prova C
537,Alix Rentoll,Sem Prova
538,Skyler Warcop,Prova D
539,Nadine Conklin,Prova D
540,Matthieu Madle,Prova D
541,Roxanne Boomes,Sem Prova
542,Montague Tavernor,Prova A
543,Fayina Narey,Prova A
544,Chicky Duhig,Prova B
545,Saunders Willgrass,Prova D
546,Corrianne Feaveryear,Prova B
547,Lilli Purkiss,Prova A
548,Alejandrina Harler,Sem Prova
549,Henrietta Dudbridge,Prova A
550,Janenna Wyrall,Prova C
551,Pierson Streatley,Prova A
552,Austine Wanell,Sem Prova
553,Dede Doornbos,Prova B
554,Martin Cheek,Prova B
555,Bonnee Tattersdill,Prova B
556,Cate Jakubiak,Sem Prova
557,Denver Dunphie,Prova A
558,Keir Mager,Prova D
559,Maye Arrell,Sem Prova
560,Zechariah Gooderridge,Prova A
561,Alanson Riseborough,Sem Prova
562,Billy Blackley,Prova C
563,Korry Ambrozewicz,Prova B
564,Fred Millichip,Prova B
565,Cristian Batte,Sem Prova
566,Martita Danilovitch,Prova C
567,Jeremy Ploughwright,Sem Prova
568,Robinia Chamberlayne,Prova B
569,Dinnie Benesevich,Sem Prova
570,Bev Sorensen,Prova B
571,Cristal Hylton,Prova C
572,Starlene Trevena,Sem Prova
573,Jeromy Ricci,Prova B
574,Whitman Creech,Prova D
575,Katusha Bampforth,Prova C
576,Francisco Uttermare,Prova D
577,Albie Druitt,Prova D
578,Adair Brose,Prova C
579,Richy Crawford,Prova B
580,Luisa MacKilroe,Prova D
581,Harley Whelpton,Prova C
582,Auguste Arbor,Prova B
583,Cointon Abrahamovitz,Prova A
584,Katinka Ing,Prova D
585,Sanson Ca,Prova B
586,Nikolai Heaysman,Sem Prova
587,Allyce Karys,Prova B
588,Malchy Morshead,Prova B
589,Nedi Gentil,Prova C
590,Ronda Rakestraw,Prova B
591,Marisa Fallen,Prova D
592,Emmerich Frankes,Prova C
593,Johanna Bustin,Prova D
594,Giraldo Bartunek,Prova A
595,Rik Haslin,Prova B
596,Aristotle Imort,Prova C
597,Gates Capinetti,Prova A
598,Ardyth Habberjam,Prova B
599,Valdemar Bonn,Prova D
600,Terrill Cuncliffe,Sem Prova
601,Donny Mayhead,Prova A
602,Ethelin Hiom,Sem Prova
603,Gilbertine Beszant,Prova A
604,Erda Leat,Sem Prova
605,Helen MacNamee,Prova B
606,Bobinette Sheppard,Prova B
607,Meara Thieme,Prova C
608,Mal Burchett,Prova C
609,Lonnie Tibbotts,Prova A
610,Pietrek Stenyng,Sem Prova
611,Vevay Mott,Sem Prova
612,Vinni Sapson,Prova B
613,Rustie Cheel,Prova A
614,Garey Rispine,Prova C
615,Carine Alam,Prova A
616,Ludvig Vatcher,Prova D
617,Dilan Hardiker,Prova B
618,Frazer Archbald,Prova A
619,Eulalie Abram,Prova A
620,Margo Spellworth,Prova D
621,Morganne Cicutto,Prova C
622,Elwyn Rumke,Sem Prova
623,Inesita Harrowing,Sem Prova
624,Paton Duffitt,Prova C
625,Luise Lawlor,Prova D
626,Yolane Gillmor,Prova D
627,Teador Laxen,Prova C
628,Elwyn Tiner,Prova C
629,Eddie Rodolico,Sem Prova
630,Arabela Frackiewicz,Prova B
631,Ellissa Danat,Sem Prova
632,Jerrine Dalzell,Sem Prova
633,Tawsha Harrismith,Sem Prova
634,Hermy Berrill,Sem Prova
635,Carlye Chave,Prova A
636,Felix Lawrance,Sem Prova
637,Fredelia Bertomieu,Prova C
638,Dirk Townson,Prova A
639,Rosina Tring,Prova B
640,Ramsey Neve,Prova C
641,Beverley Baurerich,Prova B
642,Aron Mowett,Prova C
643,Sigismundo Endrici,Prova D
644,Lowe Edelman,Prova D
645,Perri Rehorek,Sem Prova
646,Ethelin Wark,Prova A
647,Sonia Spendlove,Prova D
648,Kara Emanson,Prova A
649,Delila Arling,Prova A
650,Calley Cardoso,Prova A
651,Othelia Deeming,Prova B
652,Rebekkah Peplaw,Prova A
653,Prince Wickersley,Prova B
654,Abrahan Tregea,Prova D
655,Maritsa Sawford,Prova C
656,Katalin Antunes,Prova D
657,Nestor Greig,Prova B
658,Harrison Shiell,Prova C
659,Sylvester Sommerscales,Prova D
660,Winifield Stranieri,Sem Prova
661,Johnath Christoforou,Prova D
662,Clifford Fitzer,Prova D
663,Huntington Whitelock,Prova D
664,Nolan Seabon,Sem Prova
665,Si Clements,Prova A
666,Aaren Burdus,Prova B
667,Jewelle Anderer,Prova D
668,Bear Timms,Sem Prova
669,Eulalie Dymock,Sem Prova
670,Isaac Locock,Prova B
671,Alethea Butland,Prova C
672,Ciel Moxham,Prova D
673,Brita Birtley,Prova C
674,Kandace Hayman,Prova D
675,Fredericka Gino,Prova A
676,Liane Snoding,Prova B
677,Sheppard Pallesen,Prova C
678,Fleming Sherwen,Prova A
679,Ignacio Lefridge,Prova B
680,Ulla Simeoni,Prova B
681,Oberon Rentz,Prova C
682,Leonerd Kraut,Prova B
683,Rudolph Smellie,Prova B
684,Isaak Allridge,Sem Prova
685,Lexy Levane,Sem Prova
686,Suki Soares,Sem Prova
687,Noland Bohje,Prova B
688,Nikaniki Roxbee,Prova D
689,Carmen Beament,Prova D
690,Cyndy Sibborn,Sem Prova
691,Rutledge Dibb,Prova D
692,Leif Yarnley,Prova C
693,Ivy Gorch,Prova C
694,Steven Bartolacci,Prova C
695,Dolli Hathaway,Prova B
696,Loutitia Fodden,Sem Prova
697,Sheela Sparry,Prova C
698,Darren Wellstead,Sem Prova
699,Em Boycott,Prova B
700,Pattie Munning,Prova D
701,Carole Vick,Sem Prova
702,Gianna Picken,Prova C
703,Veronica Andreoletti,Prova B
704,Amelia Runnett,Prova D
705,Kyle Cupitt,Prova D
706,Yance Fluck,Prova B
707,Jordon Hafner,Prova C
708,Umberto Dionisetti,Prova D
709,Val Buer,Sem Prova
710,Stepha Dearnaly,Sem Prova
711,Bengt Gyngyll,Sem Prova
712,Kylie Perutto,Prova A
713,Quinn Milmoe,Prova D
714,Phillipe Olman,Prova D
715,Aguste Jarrelt,Prova B
716,Latisha Netti,Prova A
717,Marie-jeanne Fawthorpe,Prova B
718,Winnah Okell,Prova C
719,Teresa Dowzell,Prova D
720,Trix Mussett,Prova B
721,Salmon Olech,Prova B
722,Ruprecht Caldayrou,Sem Prova
723,Ynes Salvadore,Prova A
724,Merle Bonham,Sem Prova
725,Katy Bikker,Prova A
726,Barty Warratt,Prova A
727,Evie Busen,Prova B
728,Lyndsey McMorran,Prova A
729,Mariska Kahane,Prova A
730,Teodorico Biesinger,Prova C
731,Alli Metzel,Prova A
732,Nerta Pavyer,Prova C
733,Elke Manach,Prova A
734,Jeniece Rentelll,Prova D
735,Euphemia Drinkwater,Prova A
736,Jaquenetta Malyj,Prova A
737,Earle Boykett,Sem Prova
738,Coraline Weyman,Prova A
739,Cad Rosoni,Prova B
740,Torre Marxsen,Prova C
741,Brunhilde Labdon,Prova D
742,Kariotta Sonner,Prova C
743,Berta Jollands,Prova D
744,Berrie Jennaroy,Prova C
745,Martainn Pleasaunce,Prova A
746,Barrett Kerner,Sem Prova
747,Erl Braiden,Prova C
748,Stuart Barlas,Prova A
749,Gerrie Penhalewick,Prova B
750,Currey Favel,Prova C
751,Kendell Baggalley,Prova A
752,Barbara Scawton,Prova C
753,Ole Yaxley,Prova B
754,Maryellen Theaker,Sem Prova
755,Jenine Rubinov,Prova A
756,Albertine MacKill,Sem Prova
757,Rochelle Chaunce,Prova D
758,Lorin MacGhee,Prova A
759,Cecelia Yarnold,Prova C
760,Ladonna De Francesco,Prova D
761,Min MacNeillie,Sem Prova
762,Hermy Kaine,Prova D
763,Herc Blaiklock,Sem Prova
764,Elvis Petras,Sem Prova
765,Sidonnie Stonall,Prova D
766,Chrysa Lukock,Prova A
767,Michele Sweetzer,Sem Prova
768,Bailey Dineen,Sem Prova
769,Trista Simnett,Prova D
770,Danni Agget,Prova C
771,Gilberte Work,Prova B
772,Horst Abbs,Prova D
773,Salli Dunphie,Sem Prova
774,Cherice McRory,Prova D
775,Maegan Petrakov,Prova A
776,Addy Andrzejczak,Sem Prova
777,Adorne Du Hamel,Prova D
778,Shauna Farrer,Prova A
779,Sanderson Cansdall,Prova B
780,Alexander Butteris,Prova A
781,Whitby Sichardt,Prova B
782,Durante Kochel,Sem Prova
783,Hestia Coit,Sem Prova
784,Robby Meadmore,Sem Prova
785,Tove Martinson,Prova C
786,Berkie Rylatt,Prova D
787,Alford Baudts,Prova A
788,Emmalyn Finnimore,Prova D
789,Gloria Greenough,Prova C
790,Yovonnda Molan,Prova B
791,Ketty Stuart,Prova C
792,Babb Cantwell,Prova A
793,Brear Dell'Abbate,Prova A
794,Inga Matzen,Sem Prova
795,Eva Coady,Prova D
796,Otha Rubens,Sem Prova
797,Jaimie Molen,Prova B
798,Edgardo Ewington,Prova D
799,Miranda Jess,Prova A
800,Juliane Pickard,Prova A
801,Muffin Letixier,Prova D
802,Aida Chidzoy,Prova D
803,Teirtza Giottoi,Prova A
804,Byron Covil,Prova B
805,Sebastiano Olorenshaw,Prova A
806,Myca Willmot,Prova C
807,Peyton Ronan,Prova A
808,Emyle Whitehurst,Prova A
809,Drew Royston,Prova B
810,Sigrid Nabbs,Prova A
811,Aldus Simmonite,Sem Prova
812,Jill Skase,Prova D
813,Francene Brant,Prova A
814,Somerset Blaxton,Prova A
815,Jacquelyn Almond,Prova D
816,Edmon Cussins,Prova B
817,Duff Sturror,Prova B
818,Juieta Benyan,Prova D
819,Katheryn Whiffen,Prova A
820,Thibaud Clinch,Prova B
821,Neil Kaemena,Sem Prova
822,Eleonora Elvey,Prova A
823,Wilek Stallibrass,Prova D
824,Kristen McIlvenna,Sem Prova
825,Hillie Bickerton,Prova C
826,Haleigh Capstack,Prova C
827,Alwin De Dantesie,Prova B
828,Wakefield Cranton,Prova C
829,Carine Meldrum,Sem Prova
830,Lynnet Ridwood,Prova C
831,Pippo Huckstepp,Prova D
832,Rad Dickon,Sem Prova
833,Noni Palliser,Prova B
834,Trenna Hudghton,Prova D
835,Ninnetta Commucci,Prova C
836,Gothart Whipp,Prova A
837,Delora Dyment,Prova C
838,Noreen Stapleford,Prova C
839,Millard Rilings,Prova D
840,Kiah Josefsson,Sem Prova
841,Lemmy Brabban,Prova C
842,Julius Muzzlewhite,Prova D
843,Vincenty Scudder,Prova D
844,Amalea De Bruyne,Prova C
845,Kristian Kench,Prova B
846,Cordie Marquiss,Prova A
847,Kelly Bousler,Prova B
848,Simon Mizen,Prova D
849,Odell Toke,Prova C
850,Mayne Crichmere,Sem Prova
851,Fredia Keener,Prova D
852,Edythe Gershom,Prova D
853,Amalea Ilyin,Prova C
854,Daile Dinnage,Prova D
855,Bari Spellar,Prova D
856,Noami Scothorn,Prova D
857,Babs Fragino,Prova C
858,Cyrillus Schorah,Prova A
859,Seth Stickels,Sem Prova
860,Terri-jo Stopper,Sem Prova
861,Delila Drewson,Prova A
862,Bobbe Helmke,Prova D
863,Vanna Lanning,Prova A
864,Sallie Matasov,Prova C
865,Libbey Bielfeld,Prova A
866,Alistair Cannam,Prova A
867,Eddi Riddler,Prova B
868,Birgit Duddridge,Prova D
869,Ceil Heinritz,Prova A
870,Domenico Turbill,Prova B
871,Garrot Suter,Sem Prova
872,Johny Simmank,Prova B
873,Raddie Kenward,Prova B
874,Gannie Glison,Sem Prova
875,Lorenzo Juris,Sem Prova
876,Livy Tedman,Prova B
877,Sheffield Blowing,Prova C
878,Josselyn Gutsell,Prova B
879,Roxanna Markl,Prova A
880,Barry Goldsby,Prova A
881,Venita Baudesson,Sem Prova
882,Moselle Stennine,Prova A
883,Kathie Castanares,Prova C
884,Kiah Daborne,Prova D
885,Aeriela Ironmonger,Prova A
886,Killie Ingerson,Prova C
887,Bartolemo Etoile,Prova D
888,Toddy Aspland,Prova A
889,Harlene O'Tuohy,Sem Prova
890,Saidee Tungay,Sem Prova
891,Luigi Deavin,Prova A
892,Husein Withringten,Prova D
893,Laurie Klaffs,Prova B
894,Sayres Occleshaw,Sem Prova
895,Simone Goding,Prova C
896,Der Raggett,Prova B
897,Deana Lipson,Sem Prova
898,Sandi Bafford,Sem Prova
899,Annalee Hannaby,Prova B
900,Warner Gruszczak,Prova D
901,Alberik Raffles,Sem Prova
902,Dante Harlick,Prova A
903,Von Antoniak,Sem Prova
904,Gladi Wornum,Prova B
905,Talyah Fabri,Sem Prova
906,Leda Kinde,Prova C
907,Earl Margetts,Sem Prova
908,Ronnie Penhaleurack,Prova D
909,Kalle Kearley,Prova B
910,Bear Insworth,Prova D
911,Quinton Tuffell,Prova C
912,Annis Ackenson,Prova C
913,Sallee Pagram,Prova D
914,Mimi Szubert,Prova A
915,Farley Febvre,Prova D
916,Torey Jaumet,Sem Prova
917,Robin Baroc,Sem Prova
918,Claudianus Ure,Sem Prova
919,Pammy Thresh,Prova C
920,Christophe McGarvie,Sem Prova
921,Valenka Cutajar,Sem Prova
922,Candace Gordon,Prova D
923,Dasha Hargerie,Prova C
924,Minetta Duffy,Prova B
925,Brinn Wallen,Sem Prova
926,Lorne Casswell,Prova D
927,Leisha Marrill,Prova A
928,Hunter Osgardby,Prova D
929,Sallee Wegener,Prova D
930,Filip Fulkes,Prova A
931,Kirsten Tuley,Sem Prova
932,Reina Gould,Prova C
933,Jamey Paffley,Prova A
934,Margery Rasmus,Prova C
935,Giff Moppett,Prova A
936,Melantha Birdseye,Prova C
937,Ericha Walbridge,Prova A
938,Cristi Basford,Prova B
939,Leontine Mauchlen,Prova D
940,Lamond Eckery,Sem Prova
941,Gibbie Coddington,Prova C
942,Vilhelmina Le Pruvost,Prova D
943,Kaja Sheldrick,Prova B
944,Carmela Boyen,Prova B
945,Cleveland Elmar,Prova D
946,Korella Burmingham,Sem Prova
947,Laure Dadson,Prova A
948,Georgeanne Radsdale,Prova D
949,Irv Wrighton,Prova D
950,Valeda Babbe,Prova A
951,Fanchon Franklin,Prova C
952,Mikey Magor,Prova A
953,Nikolaus Garnson,Prova A
954,Ruy Fruish,Prova A
955,Jobie Lemary,Sem Prova
956,Wang Grigoryev,Prova C
957,Sylvan Glynn,Sem Prova
958,Jena Mozzi,Prova A
959,Sammy Brands,Prova A
960,Ken Bailles,Sem Prova
961,Elwyn Gouth,Prova B
962,Izabel Fevier,Prova B
963,Derron Mytton,Sem Prova
964,Peder McDougald,Prova B
965,Corilla Goodlip,Sem Prova
966,Rhodia Bonar,Prova C
967,Ella Willmont,Prova A
968,Jackelyn Boards,Prova B
969,Myrlene Fautley,Prova C
970,Shae Comello,Prova D
971,Beryl Mac Giolla Pheadair,Prova C
972,Odetta Diplock,Prova D
973,Amalea Scandrick,Prova B
974,Denni Kerans,Prova B
975,Olivie Clague,Prova A
976,Chaim McShirrie,Prova A
977,Ingra Boodell,Sem Prova
978,Jolynn Flounders,Prova C
979,Rosabel Downage,Prova C
980,Edik Aluard,Prova B
981,Jory Klouz,Prova A
982,Alvinia Gentreau,Prova B
983,Charmain Penlington,Prova C
984,Laurianne Shipsey,Prova D
985,Xerxes Idel,Prova A
986,Gray Hambric,Sem Prova
987,Jany Beldom,Prova B
988,Tomi Reisen,Sem Prova
989,Valentino Grose,Prova D
990,Louise Joderli,Prova D
991,Alessandro Bullick,Prova B
992,Ginnifer Klimt,Prova C
993,Celene Yantsev,Prova C
994,Denni Tansey,Prova A
995,Bess McSorley,Sem Prova
996,Rivy Jekel,Prova A
997,Stevie Peto,Prova D
998,Ephrem Van Hesteren,Prova C
999,Lexine Nieass,Prova B
1000,Pam Tilberry,Prova B
